species,department
capybara,accounting
capybara,aeronautics
duck,accounting
penguin,gardening
duck,accounting
moose,aeronautics
duck,accounting
capybara,aeronautics
koala,accounting
koala,accounting
moose,aeronautics
duck,accounting
moose,aeronautics
moose,accounting
moose,accounting
capybara,aeronautics
duck,accounting
moose,accounting
penguin,aeronautics
moose,accounting
capybara,gardening
koala,accounting
duck,accounting
penguin,accounting
capybara,accounting
duck,aeronautics
capybara,aeronautics
duck,accounting
duck,aeronautics
koala,accounting
capybara,aeronautics
capybara,aeronautics
penguin,aeronautics
moose,aeronautics
koala,accounting
duck,gardening
capybara,aeronautics
duck,accounting
duck,accounting
duck,accounting
koala,accounting
penguin,gardening
capybara,aeronautics
capybara,gardening
duck,accounting
duck,accounting
koala,accounting
moose,aeronautics
koala,accounting
moose,aeronautics
capybara,gardening
koala,aeronautics
koala,aeronautics
capybara,accounting
duck,accounting
moose,gardening
capybara,aeronautics
moose,accounting
moose,accounting
penguin,gardening
koala,accounting
capybara,accounting
penguin,accounting
capybara,gardening
capybara,accounting
duck,accounting
koala,accounting
duck,accounting
koala,accounting
penguin,accounting
duck,accounting
duck,accounting
koala,aeronautics
moose,gardening
capybara,aeronautics
moose,accounting
moose,aeronautics
capybara,accounting
koala,accounting
koala,aeronautics
moose,accounting
capybara,accounting
duck,accounting
duck,accounting
koala,accounting
duck,aeronautics
koala,accounting
penguin,accounting
duck,aeronautics
moose,accounting
capybara,aeronautics
moose,aeronautics
capybara,aeronautics
capybara,aeronautics
capybara,accounting
moose,accounting
capybara,aeronautics
penguin,accounting
duck,aeronautics
moose,aeronautics
koala,aeronautics
duck,accounting
duck,accounting
moose,accounting
moose,aeronautics
koala,aeronautics
capybara,aeronautics
duck,aeronautics
capybara,accounting
penguin,accounting
capybara,gardening
moose,accounting
moose,accounting
capybara,aeronautics
koala,gardening
koala,accounting
koala,accounting
penguin,accounting
duck,accounting
duck,aeronautics
moose,accounting
moose,accounting
penguin,accounting
koala,accounting
penguin,accounting
koala,accounting
capybara,aeronautics
moose,aeronautics
capybara,aeronautics
moose,accounting
capybara,accounting
moose,aeronautics
duck,aeronautics
capybara,aeronautics
capybara,aeronautics
capybara,aeronautics
koala,accounting
capybara,accounting
duck,accounting
moose,aeronautics
koala,accounting
moose,accounting
penguin,gardening
koala,aeronautics
moose,aeronautics
koala,accounting
penguin,accounting
moose,accounting
capybara,aeronautics
duck,accounting
duck,aeronautics
koala,aeronautics
koala,accounting
duck,accounting
duck,accounting
koala,accounting
capybara,accounting
koala,accounting
koala,accounting
duck,accounting
moose,accounting
capybara,aeronautics
penguin,accounting
capybara,aeronautics
moose,accounting
capybara,gardening
duck,accounting
duck,aeronautics
koala,aeronautics
koala,accounting
capybara,aeronautics
penguin,accounting
koala,accounting
capybara,accounting
penguin,accounting
moose,aeronautics
duck,accounting
duck,accounting
duck,accounting
koala,aeronautics
moose,aeronautics
duck,gardening
capybara,gardening
duck,accounting
duck,accounting
koala,aeronautics
duck,accounting
duck,accounting
duck,gardening
moose,accounting
capybara,aeronautics
penguin,accounting
koala,accounting
moose,accounting
capybara,accounting
capybara,accounting
koala,aeronautics
duck,accounting
capybara,accounting
penguin,accounting
duck,accounting
koala,gardening
duck,gardening
koala,accounting
koala,accounting
moose,accounting
capybara,aeronautics
moose,accounting
duck,accounting
duck,gardening
moose,accounting
capybara,gardening
duck,accounting
capybara,aeronautics
duck,accounting
capybara,gardening
duck,accounting
capybara,aeronautics
duck,accounting
capybara,aeronautics
duck,accounting
moose,accounting
duck,accounting
duck,accounting
penguin,accounting
duck,accounting
capybara,aeronautics
duck,aeronautics
koala,accounting
moose,accounting
capybara,aeronautics
koala,accounting
duck,aeronautics
koala,accounting
duck,accounting
penguin,aeronautics
moose,aeronautics
moose,accounting
capybara,aeronautics
duck,accounting
capybara,aeronautics
moose,accounting
moose,aeronautics
duck,accounting
koala,aeronautics
penguin,aeronautics
penguin,accounting
moose,aeronautics
koala,accounting
capybara,accounting
duck,accounting
duck,aeronautics
moose,aeronautics
duck,accounting
duck,accounting
koala,accounting
koala,accounting
duck,accounting
koala,aeronautics
penguin,accounting
moose,aeronautics
penguin,accounting
capybara,accounting
capybara,aeronautics
capybara,aeronautics
duck,aeronautics
duck,accounting
koala,accounting
koala,aeronautics
moose,aeronautics
capybara,aeronautics
penguin,gardening
penguin,accounting
moose,accounting
moose,accounting
capybara,aeronautics
koala,accounting
koala,accounting
duck,aeronautics
capybara,aeronautics
moose,gardening
moose,aeronautics
koala,accounting
moose,accounting
moose,aeronautics
penguin,accounting
capybara,aeronautics
capybara,gardening
duck,accounting
duck,accounting
penguin,gardening
duck,accounting
moose,aeronautics
capybara,gardening
duck,accounting
capybara,gardening
capybara,aeronautics
capybara,aeronautics
capybara,accounting
koala,accounting
capybara,accounting
moose,aeronautics
moose,accounting
koala,aeronautics
duck,accounting
penguin,aeronautics
duck,accounting
koala,accounting
koala,gardening
moose,aeronautics
penguin,accounting
capybara,gardening
penguin,accounting
duck,accounting
koala,accounting
moose,accounting
moose,accounting
moose,aeronautics
koala,accounting
capybara,accounting
moose,accounting
moose,accounting
moose,accounting
capybara,aeronautics
koala,gardening
duck,accounting
capybara,aeronautics
duck,aeronautics
moose,aeronautics
capybara,aeronautics
capybara,aeronautics
duck,accounting
koala,accounting
capybara,gardening
capybara,aeronautics
penguin,accounting
duck,accounting
penguin,aeronautics
penguin,aeronautics
moose,accounting
duck,accounting
koala,aeronautics
koala,aeronautics
duck,aeronautics
moose,aeronautics
duck,accounting
duck,aeronautics
duck,accounting
penguin,accounting
moose,accounting
duck,accounting
koala,aeronautics
capybara,gardening
penguin,gardening
moose,aeronautics
duck,accounting
koala,accounting
moose,gardening
koala,accounting
duck,gardening
capybara,aeronautics
moose,aeronautics
duck,accounting
capybara,aeronautics
capybara,aeronautics
duck,accounting
duck,accounting
duck,accounting
capybara,aeronautics
capybara,accounting
koala,accounting
duck,accounting
penguin,accounting
duck,accounting
penguin,aeronautics
duck,aeronautics
koala,accounting
capybara,aeronautics
moose,accounting
capybara,accounting
moose,aeronautics
moose,aeronautics
duck,accounting
moose,accounting
capybara,accounting
koala,accounting
duck,aeronautics
moose,aeronautics
capybara,accounting
duck,gardening
capybara,aeronautics
moose,gardening
capybara,accounting
penguin,accounting
moose,aeronautics
capybara,aeronautics
capybara,accounting
koala,accounting
capybara,aeronautics
capybara,accounting
moose,aeronautics
duck,aeronautics
moose,accounting
moose,aeronautics
duck,aeronautics
capybara,aeronautics
moose,accounting
koala,accounting
capybara,aeronautics
capybara,aeronautics
moose,aeronautics
duck,accounting
moose,aeronautics
penguin,accounting
duck,accounting
koala,accounting
capybara,aeronautics
moose,aeronautics
moose,accounting
koala,gardening
capybara,gardening
duck,accounting
moose,gardening
koala,accounting
capybara,aeronautics
penguin,aeronautics
duck,gardening
moose,aeronautics
capybara,accounting
koala,accounting
moose,aeronautics
koala,accounting
duck,accounting
duck,accounting
capybara,accounting
capybara,gardening
capybara,aeronautics
koala,accounting
duck,accounting
moose,accounting
capybara,accounting
capybara,aeronautics
moose,aeronautics
moose,accounting
koala,gardening
capybara,aeronautics
moose,accounting
duck,accounting
koala,accounting
penguin,aeronautics
koala,accounting
duck,accounting
duck,aeronautics
capybara,accounting
moose,accounting
moose,accounting
duck,accounting
capybara,aeronautics
koala,accounting
moose,accounting
penguin,accounting
koala,accounting
koala,gardening
duck,accounting
penguin,accounting
koala,accounting
duck,accounting
penguin,aeronautics
capybara,aeronautics
penguin,accounting
moose,aeronautics
duck,accounting
capybara,aeronautics
moose,accounting
moose,accounting
moose,aeronautics
penguin,accounting
moose,accounting
moose,aeronautics
moose,aeronautics
duck,aeronautics
capybara,aeronautics
duck,gardening
koala,aeronautics
penguin,accounting
capybara,gardening
duck,accounting
duck,accounting
duck,accounting
penguin,accounting
penguin,aeronautics
capybara,aeronautics
moose,aeronautics
capybara,aeronautics
koala,aeronautics
koala,aeronautics
capybara,aeronautics
moose,accounting
duck,accounting
moose,accounting
capybara,aeronautics
capybara,aeronautics
koala,accounting
duck,accounting
moose,aeronautics
duck,accounting
koala,accounting
koala,accounting
koala,accounting
penguin,accounting
moose,accounting
capybara,aeronautics
moose,aeronautics
capybara,accounting
capybara,accounting
duck,accounting
moose,accounting
duck,aeronautics
duck,gardening
duck,accounting
duck,accounting
capybara,accounting
moose,aeronautics
duck,gardening
duck,accounting
duck,accounting
penguin,aeronautics
koala,aeronautics
capybara,accounting
moose,gardening
duck,accounting
moose,accounting
duck,accounting
moose,accounting
penguin,accounting
capybara,accounting
duck,accounting
duck,gardening
capybara,aeronautics
koala,gardening
moose,accounting
koala,accounting
duck,accounting
duck,accounting
moose,accounting
capybara,gardening
penguin,accounting
moose,accounting
moose,accounting
koala,accounting
moose,accounting
duck,aeronautics
koala,aeronautics
duck,gardening
duck,gardening
duck,accounting
moose,accounting
duck,accounting
duck,accounting
koala,accounting
koala,aeronautics
duck,accounting
moose,accounting
koala,accounting
koala,aeronautics
koala,aeronautics
moose,aeronautics
capybara,aeronautics
moose,aeronautics
koala,aeronautics
capybara,gardening
koala,gardening
moose,accounting
koala,aeronautics
duck,aeronautics
koala,accounting
moose,accounting
duck,accounting
koala,accounting
capybara,gardening
duck,gardening
koala,accounting
duck,accounting
capybara,aeronautics
capybara,accounting
capybara,aeronautics
moose,accounting
moose,aeronautics
duck,aeronautics
capybara,aeronautics
koala,aeronautics
koala,aeronautics
capybara,aeronautics
koala,accounting
duck,accounting
moose,aeronautics
duck,accounting
penguin,accounting
moose,accounting
moose,accounting
duck,accounting
capybara,accounting
koala,accounting
koala,accounting
capybara,aeronautics
moose,aeronautics
capybara,aeronautics
koala,aeronautics
duck,accounting
capybara,accounting
penguin,gardening
koala,accounting
capybara,accounting
moose,accounting
capybara,aeronautics
capybara,aeronautics
moose,aeronautics
moose,aeronautics
duck,accounting
moose,accounting
capybara,aeronautics
capybara,aeronautics
penguin,accounting
koala,aeronautics
moose,aeronautics
koala,aeronautics
moose,aeronautics
koala,aeronautics
capybara,accounting
duck,aeronautics
duck,accounting
penguin,accounting
moose,aeronautics
duck,aeronautics
capybara,accounting
duck,accounting
duck,accounting
duck,accounting
capybara,aeronautics
moose,accounting
koala,accounting
capybara,accounting
penguin,accounting
duck,accounting
koala,accounting
penguin,accounting
capybara,accounting
penguin,accounting
koala,aeronautics
moose,accounting
moose,accounting
penguin,accounting
capybara,aeronautics
duck,aeronautics
duck,accounting
capybara,aeronautics
moose,accounting
duck,accounting
koala,accounting
moose,accounting
moose,accounting
duck,aeronautics
capybara,accounting
capybara,accounting
moose,aeronautics
penguin,accounting
duck,accounting
duck,accounting
moose,aeronautics
duck,accounting
moose,aeronautics
capybara,aeronautics
duck,aeronautics
duck,accounting
duck,accounting
duck,accounting
duck,accounting
duck,aeronautics
capybara,aeronautics
koala,accounting
koala,accounting
duck,aeronautics
capybara,aeronautics
capybara,accounting
moose,accounting
duck,accounting
koala,accounting
capybara,aeronautics
koala,aeronautics
capybara,aeronautics
moose,accounting
capybara,aeronautics
moose,accounting
capybara,aeronautics
moose,accounting
capybara,aeronautics
duck,accounting
duck,accounting
penguin,gardening
capybara,accounting
koala,aeronautics
capybara,aeronautics
duck,accounting
duck,accounting
capybara,aeronautics
penguin,aeronautics
moose,aeronautics
koala,aeronautics
moose,aeronautics
capybara,gardening
capybara,aeronautics
koala,accounting
capybara,aeronautics
capybara,accounting
koala,aeronautics
koala,accounting
duck,accounting
duck,accounting
duck,aeronautics
moose,aeronautics
duck,accounting
duck,aeronautics
moose,aeronautics
capybara,accounting
moose,aeronautics
koala,accounting
capybara,aeronautics
koala,accounting
capybara,aeronautics
capybara,accounting
moose,accounting
capybara,aeronautics
capybara,accounting
duck,accounting
duck,aeronautics
capybara,aeronautics
duck,accounting
moose,aeronautics
duck,accounting
duck,accounting
koala,aeronautics
moose,accounting
duck,accounting
moose,accounting
duck,accounting
koala,accounting
capybara,aeronautics
duck,gardening
moose,accounting
moose,aeronautics
penguin,accounting
duck,aeronautics
koala,accounting
duck,accounting
koala,aeronautics
koala,accounting
koala,accounting
duck,aeronautics
koala,accounting
moose,aeronautics
koala,aeronautics
koala,accounting
penguin,aeronautics
penguin,accounting
moose,accounting
duck,accounting
koala,accounting
moose,accounting
moose,accounting
capybara,aeronautics
duck,aeronautics
duck,accounting
capybara,accounting
koala,aeronautics
moose,accounting
moose,accounting
koala,accounting
moose,aeronautics
moose,accounting
moose,aeronautics
moose,accounting
koala,accounting
capybara,aeronautics
duck,accounting
moose,gardening
koala,accounting
capybara,aeronautics
moose,accounting
capybara,accounting
capybara,aeronautics
duck,accounting
capybara,gardening
capybara,gardening
capybara,accounting
capybara,aeronautics
moose,accounting
capybara,aeronautics
penguin,accounting
moose,accounting
duck,accounting
capybara,gardening
capybara,aeronautics
duck,aeronautics
moose,accounting
koala,gardening
moose,accounting
moose,accounting
duck,gardening
koala,accounting
moose,accounting
koala,accounting
moose,accounting
penguin,aeronautics
moose,accounting
koala,accounting
capybara,aeronautics
penguin,accounting
capybara,aeronautics
capybara,accounting
koala,accounting
capybara,aeronautics
koala,aeronautics
duck,accounting
koala,aeronautics
koala,accounting
moose,aeronautics
capybara,accounting
koala,aeronautics
duck,accounting
koala,accounting
capybara,aeronautics
duck,aeronautics
moose,accounting
moose,accounting
capybara,accounting
moose,aeronautics
duck,accounting
penguin,accounting
penguin,aeronautics
capybara,gardening
capybara,aeronautics
duck,accounting
duck,accounting
koala,accounting
duck,accounting
capybara,accounting
koala,accounting
duck,accounting
moose,aeronautics
koala,accounting
capybara,accounting
koala,accounting
penguin,accounting
capybara,accounting
duck,accounting
duck,aeronautics
duck,accounting
koala,accounting
koala,gardening
koala,accounting
capybara,aeronautics
moose,aeronautics
duck,accounting
capybara,accounting
capybara,aeronautics
capybara,aeronautics
moose,aeronautics
capybara,gardening
capybara,accounting
duck,accounting
moose,aeronautics
moose,accounting
capybara,aeronautics
koala,accounting
koala,accounting
capybara,aeronautics
penguin,gardening
duck,accounting
capybara,accounting
duck,gardening
koala,accounting
moose,gardening
capybara,aeronautics
duck,aeronautics
capybara,aeronautics
koala,gardening
duck,accounting
capybara,aeronautics
duck,accounting
duck,accounting
koala,accounting
duck,aeronautics
moose,accounting
koala,gardening
moose,aeronautics
capybara,accounting
koala,accounting
duck,gardening
duck,aeronautics
moose,aeronautics
duck,accounting
duck,accounting
koala,accounting
duck,accounting
duck,gardening
duck,aeronautics
duck,accounting
capybara,accounting
capybara,accounting
duck,accounting
penguin,accounting
duck,accounting
koala,accounting
capybara,accounting
capybara,aeronautics
koala,accounting
koala,accounting
moose,aeronautics
moose,aeronautics
capybara,accounting
penguin,gardening
capybara,aeronautics
moose,accounting
duck,gardening
moose,aeronautics
duck,accounting
moose,accounting
moose,accounting
duck,aeronautics
duck,accounting
koala,aeronautics
capybara,accounting
capybara,accounting
moose,accounting
penguin,accounting
duck,accounting
capybara,aeronautics
moose,accounting
penguin,accounting
moose,accounting
koala,gardening
capybara,gardening
moose,aeronautics
moose,accounting
duck,accounting
capybara,aeronautics
moose,aeronautics
moose,accounting
moose,accounting
capybara,aeronautics
duck,accounting
capybara,aeronautics
koala,aeronautics
duck,accounting
penguin,accounting
capybara,aeronautics
koala,accounting
capybara,aeronautics
koala,aeronautics
capybara,accounting
koala,aeronautics
moose,accounting
moose,accounting
capybara,aeronautics
capybara,accounting
duck,accounting
koala,accounting
capybara,accounting
capybara,aeronautics
duck,accounting
capybara,accounting
capybara,gardening
duck,accounting
capybara,aeronautics
penguin,accounting
capybara,aeronautics
koala,accounting
koala,aeronautics
duck,accounting
duck,accounting
moose,accounting
duck,aeronautics
koala,accounting
moose,aeronautics
koala,accounting
penguin,accounting
capybara,gardening
capybara,aeronautics
capybara,aeronautics
duck,accounting
duck,accounting
capybara,accounting
duck,aeronautics
duck,accounting
penguin,gardening
duck,accounting
duck,accounting
moose,accounting
duck,accounting
duck,accounting
moose,aeronautics
capybara,accounting
capybara,aeronautics
capybara,aeronautics
koala,accounting
koala,aeronautics
capybara,aeronautics
capybara,accounting
duck,aeronautics
moose,aeronautics
capybara,aeronautics
capybara,aeronautics
moose,accounting
penguin,accounting
capybara,aeronautics
duck,gardening
koala,aeronautics
penguin,accounting
koala,accounting
moose,aeronautics
koala,accounting
koala,aeronautics
penguin,aeronautics
moose,aeronautics
moose,accounting
duck,accounting
moose,gardening
duck,accounting
koala,accounting
capybara,aeronautics
moose,aeronautics
capybara,accounting
capybara,accounting
capybara,accounting
koala,accounting
moose,accounting
duck,gardening
koala,aeronautics
capybara,accounting
penguin,gardening
koala,accounting
koala,accounting
capybara,aeronautics
moose,accounting
moose,aeronautics
moose,accounting
capybara,accounting
capybara,aeronautics
duck,accounting
duck,accounting
capybara,gardening
capybara,accounting
duck,accounting
capybara,aeronautics
koala,accounting
moose,aeronautics
duck,accounting
koala,aeronautics
duck,gardening
capybara,gardening
duck,accounting
koala,accounting
capybara,gardening
capybara,aeronautics
duck,accounting
penguin,accounting
moose,accounting
koala,accounting
moose,aeronautics
koala,accounting
duck,aeronautics
koala,accounting
duck,accounting
capybara,aeronautics
duck,aeronautics
capybara,gardening
koala,accounting
capybara,gardening
capybara,accounting
duck,aeronautics
capybara,gardening
capybara,aeronautics
moose,aeronautics
koala,accounting
capybara,gardening
capybara,aeronautics
moose,accounting
duck,aeronautics
duck,accounting
koala,accounting
capybara,gardening
koala,aeronautics
moose,aeronautics
duck,accounting
moose,accounting
capybara,gardening
penguin,accounting
duck,accounting
duck,accounting
capybara,gardening
duck,accounting
koala,accounting
capybara,accounting
capybara,aeronautics
duck,accounting
duck,accounting
duck,accounting
duck,accounting
duck,accounting
duck,accounting
moose,aeronautics
duck,accounting
koala,accounting
duck,accounting
moose,accounting
capybara,accounting
penguin,accounting
moose,aeronautics
duck,accounting
moose,accounting
capybara,aeronautics
koala,accounting
moose,accounting
capybara,accounting
koala,accounting
capybara,aeronautics
duck,accounting
penguin,accounting
penguin,accounting
koala,gardening
penguin,aeronautics
koala,accounting
koala,aeronautics
penguin,aeronautics
koala,aeronautics
capybara,aeronautics
moose,gardening
duck,aeronautics
duck,aeronautics
moose,accounting
duck,gardening
moose,aeronautics
capybara,aeronautics
penguin,accounting
capybara,aeronautics
koala,accounting
duck,accounting
penguin,accounting
koala,gardening
capybara,aeronautics
koala,accounting
duck,accounting
moose,aeronautics
duck,accounting
duck,accounting
penguin,accounting
duck,accounting
moose,aeronautics
moose,accounting
koala,accounting
koala,aeronautics
duck,accounting
koala,accounting
penguin,accounting
duck,accounting
duck,aeronautics
koala,accounting
penguin,gardening
koala,accounting
duck,accounting
capybara,accounting
capybara,aeronautics
koala,accounting
moose,accounting
koala,accounting
moose,aeronautics
koala,accounting
capybara,aeronautics
moose,aeronautics
capybara,aeronautics
moose,accounting
duck,aeronautics
duck,accounting
moose,aeronautics
moose,gardening
duck,accounting
koala,accounting
moose,aeronautics
duck,accounting
capybara,gardening
koala,aeronautics
duck,accounting
moose,accounting
koala,gardening
duck,accounting
penguin,accounting
capybara,aeronautics
duck,accounting
penguin,accounting
moose,aeronautics
duck,accounting
duck,accounting
penguin,accounting
moose,gardening
duck,accounting
koala,accounting
capybara,gardening
duck,accounting
penguin,aeronautics
penguin,accounting
capybara,accounting
capybara,aeronautics
duck,accounting
duck,aeronautics
moose,gardening
duck,accounting
duck,aeronautics
koala,accounting
duck,gardening
capybara,aeronautics
duck,accounting
moose,aeronautics
duck,accounting
capybara,aeronautics
duck,accounting
duck,accounting
duck,accounting
koala,accounting
koala,accounting
koala,aeronautics
duck,accounting
moose,accounting
duck,accounting
koala,accounting
capybara,gardening
koala,gardening
capybara,aeronautics
koala,aeronautics
penguin,aeronautics
capybara,aeronautics
koala,accounting
koala,aeronautics
koala,gardening
capybara,aeronautics
koala,accounting
moose,gardening
duck,accounting
duck,aeronautics
capybara,aeronautics
duck,accounting
koala,accounting
moose,accounting
duck,accounting
penguin,aeronautics
koala,accounting
moose,aeronautics
moose,aeronautics
duck,accounting
moose,accounting
duck,accounting
duck,accounting
moose,aeronautics
capybara,aeronautics
penguin,accounting
moose,accounting
capybara,aeronautics
capybara,accounting
moose,aeronautics
capybara,accounting
moose,accounting
duck,accounting
penguin,accounting
capybara,gardening
moose,aeronautics
moose,aeronautics
duck,accounting
duck,accounting
koala,accounting
capybara,aeronautics
koala,aeronautics
capybara,accounting
moose,accounting
koala,accounting
duck,accounting
koala,accounting
duck,accounting
moose,aeronautics
capybara,accounting
capybara,gardening
penguin,aeronautics
moose,aeronautics
duck,accounting
penguin,accounting
capybara,accounting
moose,aeronautics
koala,accounting
capybara,aeronautics
moose,aeronautics
moose,aeronautics
capybara,aeronautics
duck,accounting
duck,aeronautics
moose,aeronautics
moose,aeronautics
koala,aeronautics
capybara,gardening
koala,accounting
duck,accounting
moose,accounting
capybara,accounting
koala,accounting
moose,aeronautics
capybara,accounting
capybara,aeronautics
duck,aeronautics
moose,accounting
capybara,accounting
capybara,aeronautics
capybara,aeronautics
penguin,accounting
capybara,aeronautics
capybara,accounting
duck,accounting
penguin,aeronautics
duck,accounting
moose,accounting
duck,accounting
duck,accounting
koala,accounting
koala,gardening
duck,accounting
penguin,aeronautics
capybara,aeronautics
duck,accounting
koala,accounting
capybara,accounting
penguin,gardening
koala,accounting
capybara,accounting
penguin,aeronautics
koala,aeronautics
moose,accounting
moose,accounting
duck,accounting
capybara,accounting
koala,aeronautics
capybara,accounting
capybara,aeronautics
koala,gardening
koala,accounting
moose,accounting
duck,aeronautics
moose,aeronautics
capybara,accounting
duck,accounting
moose,accounting
moose,accounting
moose,accounting
duck,accounting
moose,accounting
duck,aeronautics
capybara,accounting
moose,aeronautics
duck,accounting
capybara,accounting
capybara,gardening
koala,gardening
capybara,accounting
duck,accounting
moose,gardening
capybara,aeronautics
capybara,aeronautics
moose,aeronautics
duck,gardening
koala,aeronautics
penguin,gardening
moose,accounting
koala,aeronautics
koala,accounting
koala,accounting
duck,accounting
capybara,accounting
koala,accounting
penguin,accounting
koala,accounting
duck,accounting
capybara,aeronautics
capybara,aeronautics
duck,accounting
koala,aeronautics
koala,accounting
penguin,accounting
penguin,aeronautics
duck,accounting
koala,accounting
duck,accounting
duck,accounting
koala,aeronautics
penguin,accounting
capybara,accounting
moose,accounting
duck,accounting
penguin,gardening
moose,aeronautics
koala,aeronautics
duck,accounting
penguin,aeronautics
capybara,accounting
duck,accounting
duck,accounting
duck,accounting
koala,gardening
koala,aeronautics
capybara,aeronautics
capybara,accounting
capybara,aeronautics
capybara,accounting
capybara,accounting
capybara,aeronautics
moose,accounting
penguin,accounting
duck,accounting
moose,accounting
duck,aeronautics
moose,aeronautics
moose,aeronautics
penguin,accounting
koala,aeronautics
capybara,accounting
koala,aeronautics
capybara,accounting
capybara,gardening
duck,gardening
moose,accounting
capybara,aeronautics
koala,accounting
capybara,aeronautics
koala,aeronautics
koala,aeronautics
duck,accounting
duck,accounting
duck,aeronautics
koala,accounting
duck,accounting
penguin,aeronautics
duck,accounting
capybara,accounting
capybara,gardening
moose,accounting
penguin,accounting
duck,accounting
duck,accounting
capybara,aeronautics
capybara,aeronautics
moose,accounting
moose,gardening
capybara,aeronautics
capybara,gardening
koala,gardening
moose,accounting
koala,accounting
duck,aeronautics
penguin,aeronautics
moose,gardening
capybara,accounting
koala,gardening
moose,accounting
koala,aeronautics
capybara,aeronautics
moose,gardening
duck,accounting
moose,aeronautics
duck,aeronautics
duck,accounting
moose,gardening
capybara,accounting
koala,aeronautics
duck,accounting
moose,accounting
capybara,accounting
penguin,accounting
capybara,accounting
capybara,aeronautics
koala,accounting
moose,aeronautics
moose,accounting
duck,accounting
koala,aeronautics
penguin,accounting
koala,accounting
capybara,aeronautics
duck,accounting
penguin,aeronautics
penguin,aeronautics
capybara,accounting
koala,accounting
capybara,aeronautics
duck,accounting
moose,accounting
capybara,gardening
duck,accounting
capybara,accounting
capybara,aeronautics
moose,accounting
duck,aeronautics
capybara,accounting
moose,aeronautics
capybara,aeronautics
duck,accounting
duck,accounting
moose,accounting
capybara,accounting
duck,accounting
duck,accounting
moose,accounting
duck,aeronautics
moose,aeronautics
capybara,gardening
koala,aeronautics
duck,accounting
capybara,accounting
moose,accounting
koala,accounting
capybara,gardening
koala,accounting
duck,accounting
capybara,gardening
koala,accounting
penguin,aeronautics
capybara,accounting
moose,aeronautics
duck,accounting
moose,accounting
moose,accounting
moose,accounting
moose,gardening
capybara,aeronautics
moose,accounting
capybara,accounting
koala,gardening
koala,accounting
duck,accounting
koala,accounting
capybara,accounting
moose,accounting
duck,accounting
duck,accounting
moose,gardening
moose,accounting
capybara,accounting
duck,accounting
capybara,accounting
capybara,aeronautics
moose,accounting
koala,gardening
moose,accounting
moose,gardening
capybara,aeronautics
moose,accounting
koala,gardening
koala,accounting
koala,accounting
moose,aeronautics
koala,accounting
duck,accounting
koala,accounting
duck,accounting
capybara,accounting
penguin,gardening
capybara,aeronautics
duck,accounting
capybara,accounting
koala,accounting
duck,accounting
capybara,aeronautics
capybara,gardening
duck,accounting
duck,accounting
capybara,aeronautics
moose,aeronautics
moose,accounting
moose,accounting
duck,accounting
duck,accounting
duck,aeronautics
moose,accounting
capybara,aeronautics
capybara,accounting
duck,aeronautics
koala,aeronautics
koala,gardening
capybara,accounting
capybara,gardening
koala,accounting
capybara,accounting
capybara,gardening
koala,accounting
koala,accounting
duck,accounting
duck,accounting
penguin,accounting
moose,aeronautics
capybara,accounting
duck,accounting
penguin,accounting
capybara,aeronautics
duck,accounting
koala,accounting
penguin,accounting
moose,accounting
moose,aeronautics
moose,accounting
koala,accounting
moose,aeronautics
koala,gardening
moose,aeronautics
moose,aeronautics
moose,accounting
capybara,aeronautics
penguin,accounting
duck,accounting
capybara,gardening
moose,accounting
capybara,accounting
penguin,accounting
moose,accounting
capybara,aeronautics
capybara,aeronautics
moose,aeronautics
capybara,aeronautics
capybara,aeronautics
moose,accounting
moose,aeronautics
moose,aeronautics
penguin,aeronautics
moose,gardening
koala,accounting
duck,accounting
koala,gardening
koala,accounting
moose,aeronautics
capybara,aeronautics
duck,aeronautics
penguin,aeronautics
capybara,accounting
duck,aeronautics
moose,accounting
moose,accounting
penguin,accounting
duck,accounting
moose,accounting
moose,accounting
capybara,gardening
moose,aeronautics
duck,accounting
capybara,aeronautics
koala,accounting
penguin,accounting
duck,accounting
penguin,accounting
moose,accounting
koala,aeronautics
koala,aeronautics
moose,aeronautics
koala,accounting
duck,gardening
duck,gardening
moose,accounting
duck,accounting
duck,accounting
capybara,gardening
duck,aeronautics
moose,accounting
penguin,accounting
moose,aeronautics
koala,aeronautics
capybara,aeronautics
duck,accounting
koala,accounting
capybara,aeronautics
capybara,aeronautics
duck,accounting
capybara,aeronautics
koala,accounting
koala,accounting
moose,accounting
koala,aeronautics
moose,accounting
capybara,aeronautics
duck,accounting
moose,aeronautics
duck,aeronautics
capybara,gardening
penguin,accounting
duck,accounting
moose,accounting
capybara,gardening
koala,gardening
penguin,accounting
capybara,accounting
capybara,aeronautics
penguin,accounting
duck,accounting
duck,aeronautics
duck,accounting
moose,accounting
capybara,aeronautics
koala,aeronautics
capybara,gardening
duck,accounting
capybara,accounting
moose,accounting
moose,accounting
capybara,aeronautics
moose,accounting
duck,accounting
duck,accounting
duck,accounting
moose,accounting
capybara,accounting
duck,accounting
koala,accounting
capybara,accounting
capybara,aeronautics
duck,accounting
capybara,accounting
capybara,aeronautics
koala,accounting
penguin,accounting
duck,accounting
koala,accounting
koala,aeronautics
penguin,gardening
moose,aeronautics
penguin,accounting
duck,aeronautics
penguin,aeronautics
capybara,accounting
penguin,accounting
penguin,accounting
duck,accounting
capybara,gardening
capybara,aeronautics
koala,accounting
koala,accounting
duck,gardening
koala,aeronautics
capybara,aeronautics
moose,accounting
duck,accounting
moose,accounting
capybara,aeronautics
moose,accounting
moose,aeronautics
moose,accounting
moose,gardening
moose,accounting
capybara,aeronautics
penguin,accounting
moose,aeronautics
penguin,accounting
duck,accounting
penguin,aeronautics
koala,accounting
koala,aeronautics
koala,aeronautics
duck,accounting
moose,aeronautics
moose,accounting
koala,accounting
koala,accounting
koala,accounting
penguin,accounting
moose,accounting
koala,aeronautics
moose,accounting
duck,aeronautics
capybara,accounting
capybara,gardening
capybara,aeronautics
koala,accounting
koala,aeronautics
capybara,accounting
duck,accounting
penguin,gardening
penguin,gardening
moose,accounting
moose,aeronautics
capybara,aeronautics
capybara,aeronautics
capybara,accounting
capybara,aeronautics
capybara,aeronautics
penguin,aeronautics
capybara,accounting
penguin,accounting
moose,accounting
koala,aeronautics
koala,accounting
capybara,accounting
duck,accounting
koala,accounting
duck,accounting
duck,accounting
capybara,gardening
koala,aeronautics
capybara,aeronautics
duck,aeronautics
penguin,accounting
capybara,accounting
capybara,gardening
penguin,accounting
koala,accounting
duck,accounting
moose,gardening
moose,aeronautics
koala,accounting
koala,accounting
capybara,aeronautics
penguin,accounting
capybara,aeronautics
moose,accounting
duck,accounting
duck,accounting
moose,accounting
duck,accounting
capybara,accounting
capybara,aeronautics
koala,accounting
penguin,accounting
moose,accounting
capybara,aeronautics
moose,accounting
duck,accounting
duck,accounting
penguin,aeronautics
moose,aeronautics
moose,accounting
moose,aeronautics
duck,accounting
capybara,gardening
moose,gardening
capybara,aeronautics
koala,accounting
koala,accounting
capybara,aeronautics
capybara,aeronautics
moose,aeronautics
koala,accounting
capybara,aeronautics
penguin,gardening
moose,accounting
koala,accounting
koala,aeronautics
koala,aeronautics
capybara,aeronautics
koala,accounting
capybara,aeronautics
penguin,accounting
duck,accounting
penguin,accounting
koala,accounting
capybara,aeronautics
duck,accounting
koala,accounting
penguin,aeronautics
koala,aeronautics
penguin,accounting
penguin,accounting
duck,gardening
penguin,accounting
moose,aeronautics
duck,aeronautics
moose,aeronautics
koala,gardening
moose,accounting
duck,accounting
moose,accounting
capybara,aeronautics
capybara,accounting
capybara,accounting
penguin,accounting
penguin,accounting
moose,accounting
duck,aeronautics
koala,accounting
penguin,aeronautics
moose,accounting
koala,aeronautics
duck,accounting
duck,aeronautics
koala,aeronautics
moose,accounting
capybara,accounting
penguin,accounting
koala,aeronautics
moose,accounting
duck,aeronautics
duck,aeronautics
penguin,accounting
capybara,aeronautics
capybara,aeronautics
koala,accounting
capybara,aeronautics
penguin,aeronautics
duck,accounting
moose,aeronautics
penguin,accounting
penguin,accounting
capybara,accounting
koala,accounting
moose,accounting
duck,accounting
duck,aeronautics
moose,accounting
moose,aeronautics
duck,aeronautics
penguin,aeronautics
capybara,accounting
penguin,accounting
moose,accounting
moose,accounting
duck,accounting
capybara,gardening
capybara,gardening
duck,accounting
moose,accounting
duck,gardening
duck,accounting
duck,accounting
duck,gardening
capybara,accounting
capybara,accounting
moose,aeronautics
moose,accounting
penguin,accounting
duck,aeronautics
duck,accounting
duck,aeronautics
koala,aeronautics
moose,accounting
penguin,accounting
duck,accounting
moose,gardening
moose,aeronautics
moose,accounting
koala,aeronautics
duck,accounting
penguin,aeronautics
capybara,accounting
capybara,accounting
moose,gardening
duck,accounting
capybara,accounting
moose,aeronautics
capybara,accounting
duck,accounting
koala,accounting
moose,aeronautics
capybara,aeronautics
penguin,accounting
moose,aeronautics
koala,accounting
koala,accounting
moose,aeronautics
koala,gardening
capybara,gardening
moose,aeronautics
duck,accounting
capybara,aeronautics
koala,aeronautics
moose,accounting
penguin,accounting
capybara,accounting
penguin,accounting
duck,accounting
capybara,aeronautics
koala,accounting
koala,accounting
koala,accounting
duck,aeronautics
capybara,aeronautics
capybara,accounting
capybara,aeronautics
capybara,gardening
koala,aeronautics
moose,aeronautics
duck,accounting
capybara,accounting
duck,accounting
penguin,accounting
capybara,aeronautics
penguin,accounting
capybara,aeronautics
moose,accounting
capybara,accounting
duck,gardening
capybara,aeronautics
koala,gardening
duck,aeronautics
